session_id,player_id,ping_ms,disconnected
S_9000,P_1123,34.4,0
S_9001,P_1000,23.9,0
S_9002,P_1199,21.7,1
S_9003,P_1086,54.1,1
S_9004,P_1127,25.8,0
S_9005,P_1190,71.3,0
S_9006,P_1066,13.8,0
S_9007,P_1003,70.4,0
S_9008,P_1185,48.2,0
S_9009,P_1152,43.5,0
S_9010,P_1046,36.8,0
S_9011,P_1037,51.0,1
S_9012,P_1142,44.4,0
S_9013,P_1190,61.5,0
S_9014,P_1020,46.7,0
S_9015,P_1056,47.3,0
S_9016,P_1116,39.5,0
S_9017,P_1180,44.1,0
S_9018,P_1045,49.6,0
S_9019,P_1141,19.3,0
S_9020,P_1144,24.8,0
S_9021,P_1038,56.1,0
S_9022,P_1136,47.6,0
S_9023,P_1098,42.2,0
S_9024,P_1076,45.3,0
S_9025,P_1114,50.2,0
S_9026,P_1133,36.9,0
S_9027,P_1150,33.3,0
S_9028,P_1186,47.9,0
S_9029,P_1090,30.3,0
S_9030,P_1097,51.1,0
S_9031,P_1119,19.5,0
S_9032,P_1045,60.4,1
S_9033,P_1037,52.1,1
S_9034,P_1141,48.8,0
S_9035,P_1099,59.7,0
S_9036,P_1071,70.0,0
S_9037,P_1189,60.2,0
S_9038,P_1034,17.4,0
S_9039,P_1146,25.8,0
S_9040,P_1029,35.6,0
S_9041,P_1077,45.4,0
S_9042,P_1083,52.8,0
S_9043,P_1112,34.1,0
S_9044,P_1024,47.8,1
S_9045,P_1167,33.7,0
S_9046,P_1087,35.8,0
S_9047,P_1013,23.9,0
S_9048,P_1153,31.2,0
S_9049,P_1101,24.7,0
S_9050,P_1149,30.4,0
S_9051,P_1175,60.8,1
S_9052,P_1082,30.8,0
S_9053,P_1109,84.5,0
S_9054,P_1178,52.4,0
S_9055,P_1130,47.8,0
S_9056,P_1169,32.1,1
S_9057,P_1018,55.5,0
S_9058,P_1027,36.4,0
S_9059,P_1172,46.8,0
S_9060,P_1070,83.4,0
S_9061,P_1062,43.6,0
S_9062,P_1072,62.2,0
S_9063,P_1123,34.5,0
S_9064,P_1118,44.5,0
S_9065,P_1120,71.6,0
S_9066,P_1018,35.6,0
S_9067,P_1174,72.2,0
S_9068,P_1141,55.6,0
S_9069,P_1119,36.6,0
S_9070,P_1165,54.5,0
S_9071,P_1180,59.6,0
S_9072,P_1060,54.3,0
S_9073,P_1163,21.4,0
S_9074,P_1167,34.1,0
S_9075,P_1029,41.3,0
S_9076,P_1008,43.9,0
S_9077,P_1063,54.3,0
S_9078,P_1160,47.7,0
S_9079,P_1119,25.0,0
S_9080,P_1051,50.7,0
S_9081,P_1088,54.2,0
S_9082,P_1141,53.4,0
S_9083,P_1052,61.2,0
S_9084,P_1186,57.5,0
S_9085,P_1077,51.9,0
S_9086,P_1040,43.9,0
S_9087,P_1195,20.1,0
S_9088,P_1067,51.4,0
S_9089,P_1007,48.1,0
S_9090,P_1001,49.1,0
S_9091,P_1104,25.8,0
S_9092,P_1124,28.8,0
S_9093,P_1109,60.8,0
S_9094,P_1085,44.4,0
S_9095,P_1168,55.2,0
S_9096,P_1119,45.4,1
S_9097,P_1126,45.4,0
S_9098,P_1182,59.1,0
S_9099,P_1015,37.3,0
S_9100,P_1061,46.4,0
S_9101,P_1112,38.1,0
S_9102,P_1175,38.5,0
S_9103,P_1157,40.4,0
S_9104,P_1011,48.3,0
S_9105,P_1034,37.8,0
S_9106,P_1010,63.8,0
S_9107,P_1063,31.6,0
S_9108,P_1049,42.2,0
S_9109,P_1148,38.4,0
S_9110,P_1068,66.7,0
S_9111,P_1047,47.9,0
S_9112,P_1019,60.5,0
S_9113,P_1100,22.7,0
S_9114,P_1194,49.0,0
S_9115,P_1171,58.3,0
S_9116,P_1160,46.2,0
S_9117,P_1188,61.0,0
S_9118,P_1136,37.2,0
S_9119,P_1067,66.1,0
S_9120,P_1034,79.5,0
S_9121,P_1064,39.6,0
S_9122,P_1007,38.3,0
S_9123,P_1044,66.8,1
S_9124,P_1086,68.7,0
S_9125,P_1174,37.2,0
S_9126,P_1167,38.7,0
S_9127,P_1075,40.8,0
S_9128,P_1181,24.8,0
S_9129,P_1075,31.2,0
S_9130,P_1173,29.9,0
S_9131,P_1046,33.5,0
S_9132,P_1014,44.5,0
S_9133,P_1104,48.5,0
S_9134,P_1146,68.3,0
S_9135,P_1025,30.0,0
S_9136,P_1051,59.8,0
S_9137,P_1092,41.8,0
S_9138,P_1149,44.3,0
S_9139,P_1020,55.1,1
S_9140,P_1050,28.2,0
S_9141,P_1037,50.7,0
S_9142,P_1019,47.5,0
S_9143,P_1156,52.4,0
S_9144,P_1178,49.3,0
S_9145,P_1131,81.8,0
S_9146,P_1054,35.4,1
S_9147,P_1198,37.0,0
S_9148,P_1091,35.7,0
S_9149,P_1027,36.7,0
S_9150,P_1003,35.4,0
S_9151,P_1149,62.8,0
S_9152,P_1075,66.3,0
S_9153,P_1172,36.4,0
S_9154,P_1066,32.5,0
S_9155,P_1085,52.1,0
S_9156,P_1193,36.7,0
S_9157,P_1161,54.5,0
S_9158,P_1090,48.0,0
S_9159,P_1182,22.3,0
S_9160,P_1104,68.2,0
S_9161,P_1000,71.9,0
S_9162,P_1071,35.8,0
S_9163,P_1086,39.2,0
S_9164,P_1165,49.3,0
S_9165,P_1005,50.0,0
S_9166,P_1152,54.9,0
S_9167,P_1144,75.2,0
S_9168,P_1060,42.3,0
S_9169,P_1011,33.0,0
S_9170,P_1005,24.3,0
S_9171,P_1026,34.0,0
S_9172,P_1135,44.5,0
S_9173,P_1123,71.9,0
S_9174,P_1105,37.2,0
S_9175,P_1192,48.4,0
S_9176,P_1184,44.8,0
S_9177,P_1092,62.8,0
S_9178,P_1108,82.9,0
S_9179,P_1098,37.0,0
S_9180,P_1167,37.7,0
S_9181,P_1141,60.7,0
S_9182,P_1034,55.2,0
S_9183,P_1175,72.7,0
S_9184,P_1083,53.8,0
S_9185,P_1055,39.6,0
S_9186,P_1176,53.9,0
S_9187,P_1140,61.6,0
S_9188,P_1188,57.3,1
S_9189,P_1048,52.6,0
S_9190,P_1045,61.0,1
S_9191,P_1112,62.5,0
S_9192,P_1189,65.7,0
S_9193,P_1135,54.7,0
S_9194,P_1042,42.5,0
S_9195,P_1147,47.2,0
S_9196,P_1123,63.1,0
S_9197,P_1096,32.7,0
S_9198,P_1089,50.5,0
S_9199,P_1038,39.1,0
S_9200,P_1084,45.4,0
S_9201,P_1176,64.2,1
S_9202,P_1191,47.9,0
S_9203,P_1061,45.7,1
S_9204,P_1105,24.6,0
S_9205,P_1106,56.2,0
S_9206,P_1053,54.7,0
S_9207,P_1125,77.4,0
S_9208,P_1008,40.4,0
S_9209,P_1087,48.3,0
S_9210,P_1036,48.7,0
S_9211,P_1048,68.7,0
S_9212,P_1040,43.6,1
S_9213,P_1016,49.2,0
S_9214,P_1087,54.1,0
S_9215,P_1020,47.8,0
S_9216,P_1050,38.3,0
S_9217,P_1058,47.9,0
S_9218,P_1166,61.1,0
S_9219,P_1182,29.6,0
S_9220,P_1040,47.0,0
S_9221,P_1038,34.5,0
S_9222,P_1140,62.9,0
S_9223,P_1191,22.2,0
S_9224,P_1010,36.6,1
S_9225,P_1146,50.7,0
S_9226,P_1138,68.5,0
S_9227,P_1076,44.0,0
S_9228,P_1126,36.7,0
S_9229,P_1045,73.2,0
S_9230,P_1044,23.3,0
S_9231,P_1000,12.0,1
S_9232,P_1167,51.6,0
S_9233,P_1107,37.5,1
S_9234,P_1018,29.7,0
S_9235,P_1075,55.6,0
S_9236,P_1071,48.7,0
S_9237,P_1199,36.5,1
S_9238,P_1188,25.8,0
S_9239,P_1108,58.1,0
S_9240,P_1011,54.8,1
S_9241,P_1188,43.5,0
S_9242,P_1160,72.7,0
S_9243,P_1044,28.9,0
S_9244,P_1089,22.1,0
S_9245,P_1102,34.6,0
S_9246,P_1196,44.3,0
S_9247,P_1007,48.7,0
S_9248,P_1152,41.4,0
S_9249,P_1090,50.3,0
S_9250,P_1173,26.2,0
S_9251,P_1086,66.7,0
S_9252,P_1157,43.8,0
S_9253,P_1174,61.8,0
S_9254,P_1176,50.1,0
S_9255,P_1174,51.9,0
S_9256,P_1083,53.5,1
S_9257,P_1081,51.7,0
S_9258,P_1145,54.6,0
S_9259,P_1193,64.9,0
S_9260,P_1067,47.9,0
S_9261,P_1160,55.6,0
S_9262,P_1126,43.7,0
S_9263,P_1163,66.6,0
S_9264,P_1081,34.9,0
S_9265,P_1146,72.0,0
S_9266,P_1155,44.4,0
S_9267,P_1167,23.5,0
S_9268,P_1083,46.9,0
S_9269,P_1112,34.8,0
S_9270,P_1075,57.6,0
S_9271,P_1121,35.2,0
S_9272,P_1142,38.3,0
S_9273,P_1040,16.7,0
S_9274,P_1166,38.2,0
S_9275,P_1001,10.0,0
S_9276,P_1190,21.2,0
S_9277,P_1028,56.4,0
S_9278,P_1104,56.8,1
S_9279,P_1193,51.4,0
S_9280,P_1050,30.5,0
S_9281,P_1074,44.3,0
S_9282,P_1009,44.9,0
S_9283,P_1141,27.6,0
S_9284,P_1050,67.6,0
S_9285,P_1117,58.2,0
S_9286,P_1120,41.7,1
S_9287,P_1038,45.4,0
S_9288,P_1027,48.1,1
S_9289,P_1002,14.4,0
S_9290,P_1083,41.3,0
S_9291,P_1197,34.8,0
S_9292,P_1154,30.0,0
S_9293,P_1116,40.8,0
S_9294,P_1001,72.0,0
S_9295,P_1092,54.6,0
S_9296,P_1165,36.4,0
S_9297,P_1130,53.6,0
S_9298,P_1143,66.0,0
S_9299,P_1093,58.9,0
S_9300,P_1039,45.9,0
S_9301,P_1001,35.3,0
S_9302,P_1080,55.5,0
S_9303,P_1168,50.9,0
S_9304,P_1011,58.4,0
S_9305,P_1162,54.5,1
S_9306,P_1064,60.7,0
S_9307,P_1054,37.0,0
S_9308,P_1044,64.8,0
S_9309,P_1100,48.0,0
S_9310,P_1061,76.1,0
S_9311,P_1048,34.7,0
S_9312,P_1126,71.0,0
S_9313,P_1152,48.0,0
S_9314,P_1022,35.2,0
S_9315,P_1151,37.7,0
S_9316,P_1037,40.2,0
S_9317,P_1027,51.4,0
S_9318,P_1020,52.8,0
S_9319,P_1181,36.4,0
S_9320,P_1106,44.6,0
S_9321,P_1145,77.1,0
S_9322,P_1163,70.9,0
S_9323,P_1098,51.5,0
S_9324,P_1172,45.6,0
S_9325,P_1118,46.8,0
S_9326,P_1072,54.2,0
S_9327,P_1180,29.7,0
S_9328,P_1121,41.1,0
S_9329,P_1029,20.0,0
S_9330,P_1187,51.0,0
S_9331,P_1107,54.7,0
S_9332,P_1097,37.8,0
S_9333,P_1031,68.6,0
S_9334,P_1194,26.6,0
S_9335,P_1194,23.0,1
S_9336,P_1155,48.4,0
S_9337,P_1171,60.7,0
S_9338,P_1078,70.3,0
S_9339,P_1040,38.1,0
S_9340,P_1062,61.2,0
S_9341,P_1022,44.4,0
S_9342,P_1103,42.4,0
S_9343,P_1074,58.3,0
S_9344,P_1047,54.8,0
S_9345,P_1159,21.4,0
S_9346,P_1056,67.1,0
S_9347,P_1117,65.7,0
S_9348,P_1099,35.6,0
S_9349,P_1123,50.9,0
S_9350,P_1160,52.4,0
S_9351,P_1151,48.9,0
S_9352,P_1166,36.7,0
S_9353,P_1033,34.9,0
S_9354,P_1183,44.6,0
S_9355,P_1155,62.6,0
S_9356,P_1164,53.2,0
S_9357,P_1006,39.4,0
S_9358,P_1195,56.6,0
S_9359,P_1164,10.0,0
S_9360,P_1055,62.2,0
S_9361,P_1064,18.9,0
S_9362,P_1192,39.6,0
S_9363,P_1046,28.2,0
S_9364,P_1147,25.6,0
S_9365,P_1018,62.4,0
S_9366,P_1156,38.0,0
S_9367,P_1187,50.2,0
S_9368,P_1145,44.3,0
S_9369,P_1162,52.2,1
S_9370,P_1170,46.2,0
S_9371,P_1125,25.8,0
S_9372,P_1138,59.9,0
S_9373,P_1048,37.6,1
S_9374,P_1112,21.7,0
S_9375,P_1037,38.6,0
S_9376,P_1063,67.5,0
S_9377,P_1068,57.8,0
S_9378,P_1135,39.8,0
S_9379,P_1161,39.8,0
S_9380,P_1175,40.2,1
S_9381,P_1115,76.2,0
S_9382,P_1183,50.7,0
S_9383,P_1064,51.5,0
S_9384,P_1030,60.5,0
S_9385,P_1131,48.6,0
S_9386,P_1112,41.1,0
S_9387,P_1108,42.1,0
S_9388,P_1177,43.9,0
S_9389,P_1068,44.4,0
S_9390,P_1157,55.9,0
S_9391,P_1119,45.8,0
S_9392,P_1087,56.0,0
S_9393,P_1186,43.8,0
S_9394,P_1066,46.2,0
S_9395,P_1074,15.0,0
S_9396,P_1044,58.7,0
S_9397,P_1003,50.2,0
S_9398,P_1153,60.0,0
S_9399,P_1154,10.0,0
S_9400,P_1173,76.3,0
S_9401,P_1106,42.9,0
S_9402,P_1191,61.6,0
S_9403,P_1050,29.4,0
S_9404,P_1049,54.2,0
S_9405,P_1005,29.2,0
S_9406,P_1058,35.6,0
S_9407,P_1124,73.7,0
S_9408,P_1142,42.1,0
S_9409,P_1029,48.3,0
S_9410,P_1169,58.1,0
S_9411,P_1121,52.4,0
S_9412,P_1124,47.3,0
S_9413,P_1036,50.5,0
S_9414,P_1169,81.1,0
S_9415,P_1123,44.1,0
S_9416,P_1100,48.0,0
S_9417,P_1034,60.8,0
S_9418,P_1086,61.6,0
S_9419,P_1133,62.8,0
S_9420,P_1195,54.6,0
S_9421,P_1017,27.9,0
S_9422,P_1112,69.5,0
S_9423,P_1028,27.8,0
S_9424,P_1076,49.5,0
S_9425,P_1058,33.7,0
S_9426,P_1174,44.0,0
S_9427,P_1125,49.9,0
S_9428,P_1144,49.8,0
S_9429,P_1108,51.3,0
S_9430,P_1021,69.2,0
S_9431,P_1067,51.8,0
S_9432,P_1068,41.3,0
S_9433,P_1164,59.5,0
S_9434,P_1048,62.8,0
S_9435,P_1140,26.6,0
S_9436,P_1161,54.0,1
S_9437,P_1108,55.5,0
S_9438,P_1085,40.5,0
S_9439,P_1052,65.6,0
S_9440,P_1122,42.7,0
S_9441,P_1086,46.9,0
S_9442,P_1178,42.4,0
S_9443,P_1130,45.2,0
S_9444,P_1041,28.6,0
S_9445,P_1097,23.4,0
S_9446,P_1159,68.9,0
S_9447,P_1108,32.3,0
S_9448,P_1050,30.1,1
S_9449,P_1084,12.7,0
S_9450,P_1173,35.4,0
S_9451,P_1126,25.2,1
S_9452,P_1020,69.6,0
S_9453,P_1043,60.1,1
S_9454,P_1138,34.7,0
S_9455,P_1102,78.8,0
S_9456,P_1067,59.7,0
S_9457,P_1128,40.1,0
S_9458,P_1091,10.0,0
S_9459,P_1190,79.4,1
S_9460,P_1023,24.2,0
S_9461,P_1124,20.3,0
S_9462,P_1140,60.3,0
S_9463,P_1110,81.6,0
S_9464,P_1097,65.8,0
S_9465,P_1138,53.5,0
S_9466,P_1178,53.9,0
S_9467,P_1016,57.8,0
S_9468,P_1098,56.4,0
S_9469,P_1081,49.2,0
S_9470,P_1103,46.6,0
S_9471,P_1151,44.1,0
S_9472,P_1018,33.7,0
S_9473,P_1164,40.8,0
S_9474,P_1084,19.6,0
S_9475,P_1007,43.5,0
S_9476,P_1027,30.2,0
S_9477,P_1004,28.4,0
S_9478,P_1144,47.7,0
S_9479,P_1100,65.9,0
S_9480,P_1163,58.8,0
S_9481,P_1117,21.4,0
S_9482,P_1146,30.2,0
S_9483,P_1063,59.1,0
S_9484,P_1090,30.3,0
S_9485,P_1116,41.6,0
S_9486,P_1097,53.3,0
S_9487,P_1010,30.5,0
S_9488,P_1053,46.6,0
S_9489,P_1172,25.0,0
S_9490,P_1046,36.0,0
S_9491,P_1139,49.8,0
S_9492,P_1148,21.1,0
S_9493,P_1138,51.6,0
S_9494,P_1004,44.7,1
S_9495,P_1183,53.3,0
S_9496,P_1019,48.4,0
S_9497,P_1168,65.5,1
S_9498,P_1045,46.9,0
S_9499,P_1011,38.6,1
S_9500,P_1069,46.8,0
S_9501,P_1016,53.1,0
S_9502,P_1114,45.7,0
S_9503,P_1146,45.6,0
S_9504,P_1153,34.5,0
S_9505,P_1047,35.1,0
S_9506,P_1107,24.0,0
S_9507,P_1051,71.2,0
S_9508,P_1095,26.3,0
S_9509,P_1069,34.6,0
S_9510,P_1182,34.2,1
S_9511,P_1101,58.4,0
S_9512,P_1074,40.6,0
S_9513,P_1160,63.7,0
S_9514,P_1189,34.9,0
S_9515,P_1150,49.2,0
S_9516,P_1142,32.5,0
S_9517,P_1154,77.2,0
S_9518,P_1191,27.2,0
S_9519,P_1178,49.6,0
S_9520,P_1180,54.5,0
S_9521,P_1081,51.2,0
S_9522,P_1091,42.2,0
S_9523,P_1178,43.1,0
S_9524,P_1174,45.7,0
S_9525,P_1003,42.8,0
S_9526,P_1134,59.5,0
S_9527,P_1108,78.2,0
S_9528,P_1162,36.6,0
S_9529,P_1047,24.5,0
S_9530,P_1072,43.7,0
S_9531,P_1071,83.7,0
S_9532,P_1115,32.9,0
S_9533,P_1172,69.6,0
S_9534,P_1080,70.2,0
S_9535,P_1080,36.7,0
S_9536,P_1112,53.5,0
S_9537,P_1095,69.4,0
S_9538,P_1071,39.3,0
S_9539,P_1146,41.9,0
S_9540,P_1062,36.3,0
S_9541,P_1037,29.8,0
S_9542,P_1066,35.3,0
S_9543,P_1186,26.6,0
S_9544,P_1068,45.5,0
S_9545,P_1012,33.5,0
S_9546,P_1174,48.5,0
S_9547,P_1188,21.7,0
S_9548,P_1030,50.0,0
S_9549,P_1113,57.5,0
S_9550,P_1021,15.1,0
S_9551,P_1092,50.6,0
S_9552,P_1170,63.4,0
S_9553,P_1066,26.9,0
S_9554,P_1053,70.1,0
S_9555,P_1137,51.3,0
S_9556,P_1041,34.4,0
S_9557,P_1063,44.2,1
S_9558,P_1125,53.4,0
S_9559,P_1020,46.1,0
S_9560,P_1193,53.1,0
S_9561,P_1168,31.2,0
S_9562,P_1151,47.5,0
S_9563,P_1034,23.8,0
S_9564,P_1183,43.3,0
S_9565,P_1029,31.4,0
S_9566,P_1056,34.0,0
S_9567,P_1046,63.5,0
S_9568,P_1162,61.4,0
S_9569,P_1018,54.1,0
S_9570,P_1113,28.6,0
S_9571,P_1007,40.3,0
S_9572,P_1025,63.2,0
S_9573,P_1112,47.1,0
S_9574,P_1070,79.8,1
S_9575,P_1029,50.9,0
S_9576,P_1134,47.9,0
S_9577,P_1066,40.4,0
S_9578,P_1064,47.0,0
S_9579,P_1035,42.7,0
S_9580,P_1024,55.6,0
S_9581,P_1036,59.4,0
S_9582,P_1000,33.2,0
S_9583,P_1142,25.0,0
S_9584,P_1036,17.5,0
S_9585,P_1140,52.6,0
S_9586,P_1135,28.4,0
S_9587,P_1132,12.7,0
S_9588,P_1187,50.8,0
S_9589,P_1127,82.4,0
S_9590,P_1126,44.9,0
S_9591,P_1000,57.6,0
S_9592,P_1163,46.2,0
S_9593,P_1034,43.5,0
S_9594,P_1193,58.8,0
S_9595,P_1190,40.6,0
S_9596,P_1103,49.0,0
S_9597,P_1022,49.8,0
S_9598,P_1008,35.0,1
S_9599,P_1033,59.9,0
S_9600,P_1173,42.4,0
S_9601,P_1127,33.7,1
S_9602,P_1003,53.0,0
S_9603,P_1157,31.5,0
S_9604,P_1101,45.4,0
S_9605,P_1074,44.9,0
S_9606,P_1098,61.3,0
S_9607,P_1071,52.1,0
S_9608,P_1002,44.6,0
S_9609,P_1141,57.3,1
S_9610,P_1187,65.9,0
S_9611,P_1172,53.4,0
S_9612,P_1033,45.2,0
S_9613,P_1044,25.3,0
S_9614,P_1060,29.0,0
S_9615,P_1082,40.4,0
S_9616,P_1122,35.9,0
S_9617,P_1101,42.2,0
S_9618,P_1015,45.8,0
S_9619,P_1065,52.9,0
S_9620,P_1167,43.9,0
S_9621,P_1144,52.3,0
S_9622,P_1118,46.0,0
S_9623,P_1161,15.4,0
S_9624,P_1123,30.9,1
S_9625,P_1143,42.8,0
S_9626,P_1101,26.9,0
S_9627,P_1187,54.0,0
S_9628,P_1065,68.0,0
S_9629,P_1193,63.3,0
S_9630,P_1012,41.8,0
S_9631,P_1183,67.4,0
S_9632,P_1110,47.2,0
S_9633,P_1158,39.9,0
S_9634,P_1033,35.8,0
S_9635,P_1038,40.5,0
S_9636,P_1194,39.2,0
S_9637,P_1135,47.6,0
S_9638,P_1119,47.4,0
S_9639,P_1125,45.0,0
S_9640,P_1054,51.6,0
S_9641,P_1026,62.9,0
S_9642,P_1117,59.2,0
S_9643,P_1052,22.7,0
S_9644,P_1038,10.0,0
S_9645,P_1064,59.0,1
S_9646,P_1144,24.5,0
S_9647,P_1157,41.6,1
S_9648,P_1180,27.4,0
S_9649,P_1012,18.0,0
S_9650,P_1020,53.1,0
S_9651,P_1146,56.4,0
S_9652,P_1052,36.4,1
S_9653,P_1018,10.0,0
S_9654,P_1056,36.8,0
S_9655,P_1024,50.9,0
S_9656,P_1030,22.8,1
S_9657,P_1080,47.8,0
S_9658,P_1182,44.8,0
S_9659,P_1022,53.7,0
S_9660,P_1031,46.8,0
S_9661,P_1189,30.4,0
S_9662,P_1073,62.9,0
S_9663,P_1009,42.6,0
S_9664,P_1199,44.6,0
S_9665,P_1053,31.0,0
S_9666,P_1051,38.4,1
S_9667,P_1147,31.7,0
S_9668,P_1159,42.4,0
S_9669,P_1113,70.7,0
S_9670,P_1013,24.4,0
S_9671,P_1177,20.8,0
S_9672,P_1155,67.1,0
S_9673,P_1109,41.9,0
S_9674,P_1052,35.0,0
S_9675,P_1151,60.6,0
S_9676,P_1078,35.9,1
S_9677,P_1021,72.4,0
S_9678,P_1029,55.2,0
S_9679,P_1190,37.7,0
S_9680,P_1003,77.4,0
S_9681,P_1058,35.9,0
S_9682,P_1007,56.1,0
S_9683,P_1011,49.5,0
S_9684,P_1118,64.5,0
S_9685,P_1158,68.4,0
S_9686,P_1033,45.5,0
S_9687,P_1081,33.7,0
S_9688,P_1097,51.9,0
S_9689,P_1126,34.8,0
S_9690,P_1074,75.2,0
S_9691,P_1104,47.0,0
S_9692,P_1048,39.5,0
S_9693,P_1078,47.8,0
S_9694,P_1184,24.8,1
S_9695,P_1092,30.4,0
S_9696,P_1153,63.0,0
S_9697,P_1017,35.1,0
S_9698,P_1095,29.3,0
S_9699,P_1037,53.0,0
S_9700,P_1086,62.8,0
S_9701,P_1087,55.8,0
S_9702,P_1049,59.9,0
S_9703,P_1007,33.6,0
S_9704,P_1168,23.7,0
S_9705,P_1133,67.5,1
S_9706,P_1068,40.2,0
S_9707,P_1171,41.2,0
S_9708,P_1120,64.9,0
S_9709,P_1063,53.3,0
S_9710,P_1156,51.8,0
S_9711,P_1155,77.5,0
S_9712,P_1138,35.3,0
S_9713,P_1120,58.9,0
S_9714,P_1064,45.9,0
S_9715,P_1106,49.0,0
S_9716,P_1146,67.9,0
S_9717,P_1136,52.6,0
S_9718,P_1154,53.1,0
S_9719,P_1161,61.1,0
S_9720,P_1171,39.5,1
S_9721,P_1195,32.4,0
S_9722,P_1099,29.3,0
S_9723,P_1081,15.5,0
S_9724,P_1142,75.8,1
S_9725,P_1050,28.5,0
S_9726,P_1140,41.7,0
S_9727,P_1082,40.8,0
S_9728,P_1176,49.6,0
S_9729,P_1197,57.2,0
S_9730,P_1111,57.9,0
S_9731,P_1055,36.3,0
S_9732,P_1178,42.5,0
S_9733,P_1164,49.2,0
S_9734,P_1144,41.3,0
S_9735,P_1185,69.1,0
S_9736,P_1156,52.4,0
S_9737,P_1160,56.0,1
S_9738,P_1059,54.9,0
S_9739,P_1119,62.6,0
S_9740,P_1182,47.7,0
S_9741,P_1137,25.5,0
S_9742,P_1174,51.0,1
S_9743,P_1022,35.2,0
S_9744,P_1148,37.1,0
S_9745,P_1012,53.8,0
S_9746,P_1100,63.6,0
S_9747,P_1160,45.3,0
S_9748,P_1023,49.6,0
S_9749,P_1107,70.5,0
S_9750,P_1010,48.6,0
S_9751,P_1016,84.0,0
S_9752,P_1195,53.5,0
S_9753,P_1174,18.6,0
S_9754,P_1024,56.3,0
S_9755,P_1093,50.7,0
S_9756,P_1020,64.3,0
S_9757,P_1083,55.1,1
S_9758,P_1139,42.9,0
S_9759,P_1036,26.6,0
S_9760,P_1041,41.9,0
S_9761,P_1144,32.2,0
S_9762,P_1100,36.3,0
S_9763,P_1047,53.8,0
S_9764,P_1102,70.0,0
S_9765,P_1027,50.9,1
S_9766,P_1040,27.1,0
S_9767,P_1098,51.7,0
S_9768,P_1046,62.9,0
S_9769,P_1145,35.9,0
S_9770,P_1104,43.0,0
S_9771,P_1123,45.2,0
S_9772,P_1198,33.2,1
S_9773,P_1012,54.7,0
S_9774,P_1140,43.2,0
S_9775,P_1099,51.3,0
S_9776,P_1030,31.7,0
S_9777,P_1129,38.4,0
S_9778,P_1015,55.8,0
S_9779,P_1136,39.4,0
S_9780,P_1072,70.9,0
S_9781,P_1165,39.0,0
S_9782,P_1053,48.4,0
S_9783,P_1183,59.0,0
S_9784,P_1099,23.7,0
S_9785,P_1108,18.6,0
S_9786,P_1086,22.1,0
S_9787,P_1172,63.9,0
S_9788,P_1161,36.7,0
S_9789,P_1136,83.4,0
S_9790,P_1007,36.5,0
S_9791,P_1006,47.8,0
S_9792,P_1035,68.1,0
S_9793,P_1017,75.1,0
S_9794,P_1002,75.9,1
S_9795,P_1027,63.1,1
S_9796,P_1069,60.4,0
S_9797,P_1171,53.9,0
S_9798,P_1148,56.7,0
S_9799,P_1027,36.7,0
S_9800,P_1053,32.7,0
S_9801,P_1181,44.9,0
S_9802,P_1064,42.4,0
S_9803,P_1099,38.2,0
S_9804,P_1020,55.4,0
S_9805,P_1012,59.3,0
S_9806,P_1056,46.3,0
S_9807,P_1048,67.2,0
S_9808,P_1117,27.9,0
S_9809,P_1053,42.1,0
S_9810,P_1137,34.2,0
S_9811,P_1052,17.0,1
S_9812,P_1043,43.8,0
S_9813,P_1046,43.2,0
S_9814,P_1052,67.7,0
S_9815,P_1073,54.5,0
S_9816,P_1045,29.6,0
S_9817,P_1012,72.8,1
S_9818,P_1164,63.3,0
S_9819,P_1101,53.7,0
S_9820,P_1023,41.6,0
S_9821,P_1001,30.6,0
S_9822,P_1080,39.4,0
S_9823,P_1099,61.3,0
S_9824,P_1141,73.3,0
S_9825,P_1137,68.1,0
S_9826,P_1162,37.7,0
S_9827,P_1152,28.2,0
S_9828,P_1130,47.1,0
S_9829,P_1110,18.5,0
S_9830,P_1101,49.8,0
S_9831,P_1016,42.8,0
S_9832,P_1011,38.0,0
S_9833,P_1181,21.1,0
S_9834,P_1115,52.7,1
S_9835,P_1023,37.0,1
S_9836,P_1028,27.5,0
S_9837,P_1170,10.0,1
S_9838,P_1152,44.6,0
S_9839,P_1121,71.6,0
S_9840,P_1187,69.9,0
S_9841,P_1089,38.1,0
S_9842,P_1064,36.0,0
S_9843,P_1083,52.0,0
S_9844,P_1118,30.0,0
S_9845,P_1155,49.5,0
S_9846,P_1015,56.5,0
S_9847,P_1174,63.4,1
S_9848,P_1103,43.5,0
S_9849,P_1091,41.9,0
S_9850,P_1185,31.8,0
S_9851,P_1026,32.6,0
S_9852,P_1180,41.6,0
S_9853,P_1169,50.5,0
S_9854,P_1186,58.7,0
S_9855,P_1174,33.0,0
S_9856,P_1161,67.4,0
S_9857,P_1164,40.9,0
S_9858,P_1133,44.7,0
S_9859,P_1134,33.8,0
S_9860,P_1152,10.0,0
S_9861,P_1032,58.3,0
S_9862,P_1054,56.1,0
S_9863,P_1185,40.8,1
S_9864,P_1006,46.0,1
S_9865,P_1056,52.7,0
S_9866,P_1125,21.6,0
S_9867,P_1011,37.1,0
S_9868,P_1015,56.9,0
S_9869,P_1042,26.2,0
S_9870,P_1116,49.4,0
S_9871,P_1134,24.7,0
S_9872,P_1110,52.0,0
S_9873,P_1050,44.5,1
S_9874,P_1159,20.8,0
S_9875,P_1074,62.5,0
S_9876,P_1007,34.0,0
S_9877,P_1199,32.8,0
S_9878,P_1044,48.0,0
S_9879,P_1058,62.2,0
S_9880,P_1131,29.8,0
S_9881,P_1103,45.9,0
S_9882,P_1194,51.4,0
S_9883,P_1156,55.4,0
S_9884,P_1156,47.6,1
S_9885,P_1097,39.5,0
S_9886,P_1155,32.6,0
S_9887,P_1078,46.3,0
S_9888,P_1123,28.9,0
S_9889,P_1171,10.0,0
S_9890,P_1003,51.5,0
S_9891,P_1089,58.6,0
S_9892,P_1103,10.0,0
S_9893,P_1136,29.9,0
S_9894,P_1118,54.3,0
S_9895,P_1132,75.9,0
S_9896,P_1055,45.3,0
S_9897,P_1095,34.1,0
S_9898,P_1177,42.3,0
S_9899,P_1074,65.6,0
S_9900,P_1142,35.3,0
S_9901,P_1031,33.0,0
S_9902,P_1027,37.8,0
S_9903,P_1021,30.7,0
S_9904,P_1016,46.8,0
S_9905,P_1058,69.4,0
S_9906,P_1089,49.8,0
S_9907,P_1198,41.2,0
S_9908,P_1105,40.6,0
S_9909,P_1184,21.6,0
S_9910,P_1025,58.2,0
S_9911,P_1024,43.8,0
S_9912,P_1137,42.3,0
S_9913,P_1044,92.9,0
S_9914,P_1082,49.5,0
S_9915,P_1010,33.7,0
S_9916,P_1180,38.6,0
S_9917,P_1199,62.2,0
S_9918,P_1103,46.7,1
S_9919,P_1067,23.4,0
S_9920,P_1094,279.2,1
S_9921,P_1155,506.8,1
S_9922,P_1064,409.9,0
S_9923,P_1048,435.6,0
S_9924,P_1174,509.1,0
S_9925,P_1051,328.2,0
S_9926,P_1101,561.8,0
S_9927,P_1181,389.9,0
S_9928,P_1187,221.1,0
S_9929,P_1056,463.2,0
S_9930,P_1046,507.0,0
S_9931,P_1158,292.5,0
S_9932,P_1173,535.7,0
S_9933,P_1025,557.8,0
S_9934,P_1113,274.6,0
S_9935,P_1004,592.6,0
S_9936,P_1083,213.3,0
S_9937,P_1051,240.9,0
S_9938,P_1104,232.9,0
S_9939,P_1053,552.3,0
S_9940,P_1160,444.4,1
S_9941,P_1177,218.4,0
S_9942,P_1165,348.1,0
S_9943,P_1154,426.9,0
S_9944,P_1014,187.6,0
S_9945,P_1060,547.1,0
S_9946,P_1121,511.6,0
S_9947,P_1020,377.3,0
S_9948,P_1045,585.2,0
S_9949,P_1196,338.0,0
S_9950,P_1133,592.8,0
S_9951,P_1037,450.6,0
S_9952,P_1061,435.6,0
S_9953,P_1085,224.7,0
S_9954,P_1189,546.9,1
S_9955,P_1077,342.4,0
S_9956,P_1045,223.0,0
S_9957,P_1140,155.7,0
S_9958,P_1002,401.9,0
S_9959,P_1005,387.3,0
S_9960,P_1092,473.7,0
S_9961,P_1007,550.6,0
S_9962,P_1171,185.7,1
S_9963,P_1107,479.2,0
S_9964,P_1160,234.3,0
S_9965,P_1074,536.2,0
S_9966,P_1076,518.6,0
S_9967,P_1049,393.4,0
S_9968,P_1010,469.6,0
S_9969,P_1094,291.5,0
S_9970,P_1155,362.0,0
S_9971,P_1069,519.7,0
S_9972,P_1168,356.7,0
S_9973,P_1015,311.0,0
S_9974,P_1067,372.4,0
S_9975,P_1098,522.7,0
S_9976,P_1047,300.8,0
S_9977,P_1183,228.2,0
S_9978,P_1063,470.4,0
S_9979,P_1186,521.7,1
S_9980,P_1089,195.3,0
S_9981,P_1189,257.9,0
S_9982,P_1075,213.9,0
S_9983,P_1138,306.6,0
S_9984,P_1100,352.7,0
S_9985,P_1088,487.0,0
S_9986,P_1017,443.0,0
S_9987,P_1018,429.4,0
S_9988,P_1054,308.6,0
S_9989,P_1101,528.7,0
S_9990,P_1117,362.1,0
S_9991,P_1153,590.6,0
S_9992,P_1133,435.4,0
S_9993,P_1003,206.8,0
S_9994,P_1107,454.3,0
S_9995,P_1114,296.3,0
S_9996,P_1028,458.8,0
S_9997,P_1058,181.3,0
S_9998,P_1124,228.7,0
S_9999,P_1097,535.1,0
