player_id,username,region,join_date
P_1000,bridgetgarcia,NA,2026-06-02
P_1001,qscott,SA,2025-10-09
P_1002,sophia73,EU,2025-11-27
P_1003,ethanrosario,SA,2026-01-05
P_1004,ryanmichelle,SA,2025-11-23
P_1005,luis93,LATAM,2026-08-29
P_1006,christopherhernandez,EU,2025-11-19
P_1007,juliemiranda,EU,2026-05-09
P_1008,flarsen,EU,2025-11-10
P_1009,xsmith,SA,2026-04-03
P_1010,coreydavis,NA,2026-04-28
P_1011,abigailnewman,EU,2026-07-18
P_1012,hesterashley,SA,2025-09-03
P_1013,mzimmerman,LATAM,2026-04-02
P_1014,dianaavery,NA,2026-05-09
P_1015,kerrypena,LATAM,2025-09-29
P_1016,shannongonzalez,NA,2026-05-23
P_1017,jennifercampos,SA,2026-07-28
P_1018,jasonpatterson,APAC,2026-05-02
P_1019,yross,NA,2026-05-22
P_1020,cory58,LATAM,2026-03-19
P_1021,christopherford,SA,2026-01-27
P_1022,jill58,NA,2026-09-02
P_1023,upollard,APAC,2025-09-05
P_1024,martinezheather,APAC,2026-01-24
P_1025,robert57,EU,2026-02-15
P_1026,natalie29,EU,2026-03-13
P_1027,marcusjennings,LATAM,2026-04-20
P_1028,kylesmith,NA,2026-05-05
P_1029,zhernandez,NA,2026-02-15
P_1030,jwatts,EU,2026-08-08
P_1031,rodriguezdavid,NA,2025-12-18
P_1032,samuelcarter,NA,2026-01-09
P_1033,sclark,APAC,2026-03-30
P_1034,loveangela,EU,2025-11-29
P_1035,howardpennington,SA,2026-08-27
P_1036,esawyer,EU,2025-12-01
P_1037,alexyoung,SA,2026-01-03
P_1038,gomeztodd,APAC,2025-10-15
P_1039,qwong,LATAM,2026-07-10
P_1040,samanthasmith,NA,2026-02-20
P_1041,weberkimberly,APAC,2026-03-01
P_1042,smithmichele,NA,2026-05-01
P_1043,jean44,LATAM,2025-11-18
P_1044,johnsonkayla,LATAM,2026-04-25
P_1045,hkim,APAC,2026-01-04
P_1046,michele94,LATAM,2026-05-25
P_1047,gilbertwhitehead,SA,2026-03-08
P_1048,dsmith,LATAM,2026-05-12
P_1049,bonnierubio,NA,2026-02-12
P_1050,jesusthomas,NA,2026-05-12
P_1051,kimberlywallace,NA,2026-07-06
P_1052,elizabethwilkerson,NA,2025-11-25
P_1053,bkane,SA,2026-07-30
P_1054,heathersmith,EU,2026-03-07
P_1055,stephanie60,APAC,2026-06-05
P_1056,brandy18,NA,2026-04-30
P_1057,jesserussell,LATAM,2025-10-25
P_1058,keith68,NA,2026-07-22
P_1059,jenniferpollard,LATAM,2026-03-07
P_1060,pamelaconway,LATAM,2026-07-26
P_1061,matthewmedina,NA,2026-06-28
P_1062,jimmylopez,SA,2026-08-14
P_1063,davistimothy,LATAM,2025-09-29
P_1064,derekwright,LATAM,2026-08-15
P_1065,brandongraves,NA,2026-05-03
P_1066,lmurray,LATAM,2025-12-24
P_1067,christine59,LATAM,2026-01-25
P_1068,marc77,NA,2026-07-17
P_1069,brendanmiller,NA,2025-11-10
P_1070,phelpsdavid,APAC,2026-08-14
P_1071,margaret07,SA,2025-10-03
P_1072,orrnicole,SA,2025-12-17
P_1073,davispeter,LATAM,2026-06-14
P_1074,terrydylan,SA,2026-04-09
P_1075,lauren56,LATAM,2026-04-08
P_1076,qlove,APAC,2025-10-13
P_1077,wshepherd,NA,2026-03-02
P_1078,cynthiamorales,NA,2026-02-06
P_1079,weavermichael,NA,2025-12-11
P_1080,hvalencia,SA,2026-08-09
P_1081,christine78,APAC,2026-04-30
P_1082,caroline13,SA,2026-07-16
P_1083,mallen,SA,2025-09-09
P_1084,jfloyd,APAC,2025-12-20
P_1085,michaelthomas,APAC,2026-05-15
P_1086,sharonbraun,APAC,2026-02-21
P_1087,jamesponce,APAC,2025-09-22
P_1088,zgreene,NA,2026-02-03
P_1089,hmoreno,EU,2026-08-09
P_1090,jesse66,EU,2026-04-06
P_1091,josephcooper,APAC,2026-03-29
P_1092,hansoncody,EU,2026-02-12
P_1093,antoniosnyder,EU,2026-01-05
P_1094,tuckerlisa,APAC,2026-02-12
P_1095,naguilar,EU,2026-08-31
P_1096,james78,SA,2025-12-25
P_1097,ebenton,LATAM,2025-09-12
P_1098,webersteven,LATAM,2026-04-06
P_1099,tramirez,APAC,2026-05-14
